company_name,year_month,sum(invoice_amt)
Acme Industries,2024-01,29710.940000000002
Acme Industries,2024-02,72471.83
Acme Industries,2024-03,82602.44000000002
Acme Industries,2024-04,32468.28
Acme Industries,2024-05,15269.109999999999
Acme Industries,2024-06,31052.460000000003
Acme Industries,2024-07,58094.93
Acme Industries,2024-08,114913.55
Acme Industries,2024-09,29007.270000000004
Acme Industries,2024-10,69044.94
Acme Industries,2024-11,69206.54000000001
Acme Industries,2024-12,33796.21
Acme Industries,2025-01,68870.1
Acme Industries,2025-02,49391.63
Acme Industries,2025-03,113189.76999999999
Acme Industries,2025-04,75570.15
Acme Industries,2025-05,63850.85
Acme Industries,2025-06,39854.08
Acme Industries,2025-07,83084.79999999999
Acme Industries,2025-08,78091.48999999999
Acme Industries,2025-09,110011.40999999997
Acme Industries,2025-10,247000.96000000002
Acme Industries,2025-11,77222.08
Acme Industries,2025-12,56039.08
Apex Freight,2024-01,55876.53
Apex Freight,2024-02,52197.93
Apex Freight,2024-03,53597.07
Apex Freight,2024-04,77121.37
Apex Freight,2024-05,25697.39
Apex Freight,2024-06,68094.74
Apex Freight,2024-07,68609.07999999999
Apex Freight,2024-08,42520.73
Apex Freight,2024-09,46399.55
Apex Freight,2024-10,89221.31000000001
Apex Freight,2024-11,58246.97000000001
Apex Freight,2024-12,42078.27
Apex Freight,2025-01,63980.07
Apex Freight,2025-02,61363.72
Apex Freight,2025-03,23126.079999999998
Apex Freight,2025-04,139250.83999999997
Apex Freight,2025-05,100924.79
Apex Freight,2025-06,44790.78
Apex Freight,2025-07,68455.36
Apex Freight,2025-08,64716.19
Apex Freight,2025-09,68995.3
Apex Freight,2025-10,41595.63
Apex Freight,2025-11,54849.049999999996
Apex Freight,2025-12,70639.31
Apex Group,2024-01,72224.55
Apex Group,2024-02,119034.43000000001
Apex Group,2024-03,23422.87
Apex Group,2024-04,110761.9
Apex Group,2024-05,44752.63
Apex Group,2024-06,32701.109999999997
Apex Group,2024-07,30378.500000000004
Apex Group,2024-08,148635.31
Apex Group,2024-09,122257.76
Apex Group,2024-10,53127.79
Apex Group,2024-11,104541.40000000001
Apex Group,2024-12,40651.48
Apex Group,2025-01,83938.77
Apex Group,2025-02,71861.08
Apex Group,2025-03,51793.63
Apex Group,2025-04,71828.97
Apex Group,2025-05,105497.25
Apex Group,2025-06,71495.06
Apex Group,2025-07,19033.57
Apex Group,2025-08,99742.45000000001
Apex Group,2025-09,57424.22000000001
Apex Group,2025-10,69299.09
Apex Group,2025-11,45322.57000000001
Apex Group,2025-12,113440.43
Blue Co,2024-01,50260.229999999996
Blue Co,2024-02,86336.86
Blue Co,2024-03,102045.41999999997
Blue Co,2024-04,44357.58
Blue Co,2024-05,85378.7
Blue Co,2024-06,54823.7
Blue Co,2024-07,68280.76
Blue Co,2024-08,59929.060000000005
Blue Co,2024-09,71000.24
Blue Co,2024-10,60990.98
Blue Co,2024-11,22548.36
Blue Co,2024-12,114795.94
Blue Co,2025-01,71358.72
Blue Co,2025-02,30946.11
Blue Co,2025-03,97311.36
Blue Co,2025-04,23338.519999999997
Blue Co,2025-05,100541.31
Blue Co,2025-06,145074.87
Blue Co,2025-07,51420.259999999995
Blue Co,2025-08,85715.38999999998
Blue Co,2025-09,24256.59
Blue Co,2025-10,63621.76999999999
Blue Co,2025-11,61753.57
Blue Co,2025-12,79040.1
Blue Enterprises,2024-01,42975.84
Blue Enterprises,2024-02,8806.35
Blue Enterprises,2024-03,64783.25000000001
Blue Enterprises,2024-04,40651.94
Blue Enterprises,2024-05,41742.479999999996
Blue Enterprises,2024-06,96136.31999999998
Blue Enterprises,2024-07,65783.92
Blue Enterprises,2024-08,63980.240000000005
Blue Enterprises,2024-09,114687.21
Blue Enterprises,2024-10,79176.03
Blue Enterprises,2024-11,79406.18000000001
Blue Enterprises,2024-12,84184.63
Blue Enterprises,2025-01,61932.43
Blue Enterprises,2025-02,108805.20999999999
Blue Enterprises,2025-03,38876.72
Blue Enterprises,2025-04,89763.97
Blue Enterprises,2025-05,95648.23
Blue Enterprises,2025-06,101369.35
Blue Enterprises,2025-07,101222.30000000002
Blue Enterprises,2025-08,81163.82999999999
Blue Enterprises,2025-09,73631.15000000001
Blue Enterprises,2025-10,90449.81000000001
Blue Enterprises,2025-11,25682.04
Blue Enterprises,2025-12,28359.100000000002
Blue Industries,2024-01,83026.18
Blue Industries,2024-02,54226.04
Blue Industries,2024-03,82814.65
Blue Industries,2024-04,89675.54999999999
Blue Industries,2024-05,131004.79999999999
Blue Industries,2024-06,21913.14
Blue Industries,2024-07,9183.369999999999
Blue Industries,2024-08,76407.75
Blue Industries,2024-09,34299.61
Blue Industries,2024-10,145155.5
Blue Industries,2024-11,66112.72
Blue Industries,2024-12,99275.86
Blue Industries,2025-01,152627.35000000003
Blue Industries,2025-02,88081.26999999999
Blue Industries,2025-03,59351.53999999999
Blue Industries,2025-04,42901.53
Blue Industries,2025-05,48816.33
Blue Industries,2025-06,71907.15
Blue Industries,2025-07,36174.049999999996
Blue Industries,2025-08,47143.61
Blue Industries,2025-09,54780.32
Blue Industries,2025-10,102077.03000000001
Blue Industries,2025-11,53887.259999999995
Blue Industries,2025-12,92719.5
Blue Partners,2024-01,23686.85
Blue Partners,2024-02,57709.69
Blue Partners,2024-03,69680.01999999999
Blue Partners,2024-04,98453.39999999998
Blue Partners,2024-05,55065.96
Blue Partners,2024-06,57404.61
Blue Partners,2024-07,110601.36000000002
Blue Partners,2024-08,8014.3
Blue Partners,2024-09,13247.8
Blue Partners,2024-10,96885.51000000001
Blue Partners,2024-11,104591.41
Blue Partners,2024-12,66957.59
Blue Partners,2025-01,116850.91
Blue Partners,2025-02,106609.03
Blue Partners,2025-03,65355.87
Blue Partners,2025-04,91006.65000000001
Blue Partners,2025-05,42159.16
Blue Partners,2025-06,50317.75000000001
Blue Partners,2025-07,20658.769999999997
Blue Partners,2025-08,104575.87999999999
Blue Partners,2025-09,64678.55
Blue Partners,2025-10,111858.09999999999
Blue Partners,2025-11,61332.340000000004
Blue Partners,2025-12,46263.54
Blue Supply,2024-01,32566.93
Blue Supply,2024-02,29819.58
Blue Supply,2024-03,70349.49
Blue Supply,2024-04,90504.05
Blue Supply,2024-05,49357.76
Blue Supply,2024-06,66833.9
Blue Supply,2024-07,74903.82
Blue Supply,2024-08,61659.71000000001
Blue Supply,2024-09,30986.37
Blue Supply,2024-10,154421.09
Blue Supply,2024-11,34518.36
Blue Supply,2024-12,108811.84
Blue Supply,2025-01,110389.26000000001
Blue Supply,2025-02,70502.31000000001
Blue Supply,2025-03,156996.05000000002
Blue Supply,2025-04,82752.34
Blue Supply,2025-05,40427.89
Blue Supply,2025-06,83047.60000000002
Blue Supply,2025-07,140105.33000000002
Blue Supply,2025-08,87421.66999999998
Blue Supply,2025-09,117825.46000000002
Blue Supply,2025-10,101626.67999999998
Blue Supply,2025-11,37610.420000000006
Blue Supply,2025-12,32206.36
Green Co,2024-01,50784.42000000001
Green Co,2024-02,83895.24
Green Co,2024-03,67007.72
Green Co,2024-04,81240.43999999999
Green Co,2024-05,174199.25
Green Co,2024-06,106472.49000000002
Green Co,2024-07,42466.64000000001
Green Co,2024-08,52965.69
Green Co,2024-09,71644.63999999998
Green Co,2024-10,67505.51
Green Co,2024-11,81161.67000000001
Green Co,2024-12,78492.72
Green Co,2025-01,46381.079999999994
Green Co,2025-02,83084.0
Green Co,2025-03,51310.47
Green Co,2025-04,40033.01
Green Co,2025-05,97081.71999999997
Green Co,2025-06,120139.22
Green Co,2025-07,16267.8
Green Co,2025-08,76336.15
Green Co,2025-09,39465.85999999999
Green Co,2025-10,43198.630000000005
Green Co,2025-11,65104.85
Green Co,2025-12,68221.01000000001
Green Freight,2024-01,59007.21
Green Freight,2024-02,98842.59000000001
Green Freight,2024-03,59325.12
Green Freight,2024-04,50628.85999999999
Green Freight,2024-05,149628.61000000002
Green Freight,2024-06,35589.17
Green Freight,2024-07,63402.450000000004
Green Freight,2024-08,62999.75
Green Freight,2024-09,133130.93
Green Freight,2024-10,123888.56
Green Freight,2024-11,33764.03
Green Freight,2024-12,38611.61
Green Freight,2025-01,71845.81999999999
Green Freight,2025-02,85439.45000000003
Green Freight,2025-03,94204.39
Green Freight,2025-04,37476.740000000005
Green Freight,2025-05,62836.37000000001
Green Freight,2025-06,135059.80000000002
Green Freight,2025-07,61423.26000000001
Green Freight,2025-08,2310.98
Green Freight,2025-09,249226.95
Green Freight,2025-10,98449.38
Green Freight,2025-11,136081.59999999998
Green Freight,2025-12,33463.28
Green LLC,2024-01,164204.83000000002
Green LLC,2024-02,56749.46000000001
Green LLC,2024-03,80657.04999999999
Green LLC,2024-04,84303.40999999999
Green LLC,2024-05,51468.43
Green LLC,2024-06,73081.46999999999
Green LLC,2024-07,28035.84
Green LLC,2024-08,74243.72
Green LLC,2024-09,60654.2
Green LLC,2024-10,75120.38
Green LLC,2024-11,80674.79999999999
Green LLC,2024-12,72573.94999999998
Green LLC,2025-01,35105.99
Green LLC,2025-02,42789.8
Green LLC,2025-03,137898.55
Green LLC,2025-04,73601.09999999999
Green LLC,2025-05,86693.90999999999
Green LLC,2025-06,175962.23999999996
Green LLC,2025-07,51998.899999999994
Green LLC,2025-08,125075.73
Green LLC,2025-09,38761.450000000004
Green LLC,2025-10,30233.510000000002
Green LLC,2025-11,75639.09
Green LLC,2025-12,23172.4
Green Logistics,2024-01,124741.84999999999
Green Logistics,2024-02,96145.39
Green Logistics,2024-03,78524.64000000001
Green Logistics,2024-04,49160.11
Green Logistics,2024-05,67341.02
Green Logistics,2024-06,74164.16
Green Logistics,2024-07,59160.229999999996
Green Logistics,2024-08,42827.11
Green Logistics,2024-09,86917.31
Green Logistics,2024-10,41658.770000000004
Green Logistics,2024-11,17661.3
Green Logistics,2024-12,133427.29
Green Logistics,2025-01,144362.35
Green Logistics,2025-02,59715.86
Green Logistics,2025-03,130055.62000000001
Green Logistics,2025-04,44933.52
Green Logistics,2025-05,147960.8
Green Logistics,2025-06,44045.95
Green Logistics,2025-07,118683.79000000002
Green Logistics,2025-08,40312.509999999995
Green Logistics,2025-09,81421.07999999999
Green Logistics,2025-10,92183.26000000001
Green Logistics,2025-11,57079.80999999999
Green Logistics,2025-12,49753.850000000006
Hooli Enterprises,2024-01,105205.51000000001
Hooli Enterprises,2024-02,131016.64
Hooli Enterprises,2024-03,52535.8
Hooli Enterprises,2024-04,34318.41
Hooli Enterprises,2024-05,104775.73000000001
Hooli Enterprises,2024-06,38310.95
Hooli Enterprises,2024-07,56150.799999999996
Hooli Enterprises,2024-08,33224.22
Hooli Enterprises,2024-09,126622.68
Hooli Enterprises,2024-10,70263.54999999999
Hooli Enterprises,2024-11,20382.38
Hooli Enterprises,2024-12,86504.07999999999
Hooli Enterprises,2025-01,116829.22
Hooli Enterprises,2025-02,157194.11
Hooli Enterprises,2025-03,63241.92
Hooli Enterprises,2025-04,44060.35
Hooli Enterprises,2025-05,31382.410000000003
Hooli Enterprises,2025-06,59814.740000000005
Hooli Enterprises,2025-07,130808.96
Hooli Enterprises,2025-08,65550.54000000001
Hooli Enterprises,2025-09,75373.99
Hooli Enterprises,2025-10,74190.75
Hooli Enterprises,2025-11,81273.01999999999
Hooli Enterprises,2025-12,8340.64
Hooli Logistics,2024-01,235824.65000000002
Hooli Logistics,2024-02,233642.15999999995
Hooli Logistics,2024-03,99914.47000000002
Hooli Logistics,2024-04,139753.12
Hooli Logistics,2024-05,86922.95999999999
Hooli Logistics,2024-06,169581.8
Hooli Logistics,2024-07,138013.25999999998
Hooli Logistics,2024-08,116888.73
Hooli Logistics,2024-09,141794.99
Hooli Logistics,2024-10,165177.88999999998
Hooli Logistics,2024-11,262021.08999999997
Hooli Logistics,2024-12,96619.37000000001
Hooli Logistics,2025-01,65295.55
Hooli Logistics,2025-02,125493.43
Hooli Logistics,2025-03,177802.71000000002
Hooli Logistics,2025-04,291945.48999999993
Hooli Logistics,2025-05,149938.88999999996
Hooli Logistics,2025-06,100428.20000000001
Hooli Logistics,2025-07,170735.75999999998
Hooli Logistics,2025-08,78432.04000000001
Hooli Logistics,2025-09,77305.81999999999
Hooli Logistics,2025-10,154635.25
Hooli Logistics,2025-11,129055.11
Hooli Logistics,2025-12,116600.18000000001
Hooli Supply,2024-01,165065.94999999998
Hooli Supply,2024-02,90002.75
Hooli Supply,2024-03,223739.9
Hooli Supply,2024-04,158518.2
Hooli Supply,2024-05,192489.27999999997
Hooli Supply,2024-06,129764.34
Hooli Supply,2024-07,228030.44
Hooli Supply,2024-08,175922.28000000003
Hooli Supply,2024-09,143027.50000000003
Hooli Supply,2024-10,190011.42000000004
Hooli Supply,2024-11,110373.37
Hooli Supply,2024-12,247264.67
Hooli Supply,2025-01,156736.21000000002
Hooli Supply,2025-02,129300.08000000002
Hooli Supply,2025-03,142734.65999999997
Hooli Supply,2025-04,165798.61000000002
Hooli Supply,2025-05,104515.68999999999
Hooli Supply,2025-06,73088.43
Hooli Supply,2025-07,127002.03000000003
Hooli Supply,2025-08,218587.94999999998
Hooli Supply,2025-09,167141.11000000004
Hooli Supply,2025-10,115480.08
Hooli Supply,2025-11,162060.37999999998
Hooli Supply,2025-12,193935.56
Initech Freight,2024-01,24876.730000000003
Initech Freight,2024-02,161168.38999999998
Initech Freight,2024-03,55321.05
Initech Freight,2024-04,297168.19000000006
Initech Freight,2024-05,175075.48
Initech Freight,2024-06,12370.71
Initech Freight,2024-07,71152.87
Initech Freight,2024-08,49005.939999999995
Initech Freight,2024-09,59143.89
Initech Freight,2024-10,55258.04000000001
Initech Freight,2024-11,9873.189999999999
Initech Freight,2024-12,134956.52
Initech Freight,2025-01,110326.67
Initech Freight,2025-02,63397.2
Initech Freight,2025-03,88760.28000000001
Initech Freight,2025-04,48862.14
Initech Freight,2025-05,66764.70000000001
Initech Freight,2025-06,173753.03
Initech Freight,2025-07,123030.72
Initech Freight,2025-08,78707.43000000001
Initech Freight,2025-09,48000.07
Initech Freight,2025-10,25820.800000000003
Initech Freight,2025-11,125275.55
Initech Freight,2025-12,23563.049999999996
Initech Supply,2024-01,86567.57999999999
Initech Supply,2024-02,51744.619999999995
Initech Supply,2024-03,27131.12
Initech Supply,2024-04,121633.79000000001
Initech Supply,2024-05,95443.29000000001
Initech Supply,2024-06,8989.52
Initech Supply,2024-07,77697.82
Initech Supply,2024-08,77354.05
Initech Supply,2024-09,16413.42
Initech Supply,2024-10,46088.24
Initech Supply,2024-11,123220.75
Initech Supply,2024-12,128594.34999999998
Initech Supply,2025-01,23103.91
Initech Supply,2025-02,91930.24
Initech Supply,2025-03,48517.81
Initech Supply,2025-04,62049.62
Initech Supply,2025-05,48538.72
Initech Supply,2025-06,88449.51000000001
Initech Supply,2025-07,161671.29
Initech Supply,2025-08,27087.82
Initech Supply,2025-09,85925.14000000001
Initech Supply,2025-10,125758.16
Initech Supply,2025-11,66359.8
Initech Supply,2025-12,137097.55000000002
Massive Co,2024-01,173635.34000000003
Massive Co,2024-02,164217.01999999996
Massive Co,2024-03,152350.87999999998
Massive Co,2024-04,93607.64
Massive Co,2024-05,111920.26
Massive Co,2024-06,139159.24
Massive Co,2024-07,227190.79
Massive Co,2024-08,159013.66999999998
Massive Co,2024-09,47106.810000000005
Massive Co,2024-10,142005.75000000003
Massive Co,2024-11,144091.22999999998
Massive Co,2024-12,193702.37
Massive Co,2025-01,143286.05
Massive Co,2025-02,81289.51
Massive Co,2025-03,113913.52
Massive Co,2025-04,123136.62999999999
Massive Co,2025-05,170964.18000000002
Massive Co,2025-06,185560.95
Massive Co,2025-07,151131.38999999998
Massive Co,2025-08,128340.06000000001
Massive Co,2025-09,118538.85
Massive Co,2025-10,101573.57
Massive Co,2025-11,128122.91
Massive Co,2025-12,107604.14000000001
Massive Group,2024-01,71634.21999999999
Massive Group,2024-02,54095.22
Massive Group,2024-03,71664.17
Massive Group,2024-04,83271.62
Massive Group,2024-05,145660.02000000002
Massive Group,2024-06,80542.27
Massive Group,2024-07,36834.119999999995
Massive Group,2024-08,99508.72
Massive Group,2024-09,86582.79
Massive Group,2024-10,80751.85999999999
Massive Group,2024-11,88933.99
Massive Group,2024-12,5089.76
Massive Group,2025-01,92549.63
Massive Group,2025-02,31445.350000000002
Massive Group,2025-03,121751.49
Massive Group,2025-04,41187.71000000001
Massive Group,2025-05,115842.44999999998
Massive Group,2025-06,38553.240000000005
Massive Group,2025-07,115393.00999999998
Massive Group,2025-08,113565.76000000001
Massive Group,2025-09,123741.65
Massive Group,2025-10,73260.31000000001
Massive Group,2025-11,42301.48
Massive Group,2025-12,91971.7
Massive LLC,2024-01,115545.4
Massive LLC,2024-02,103631.69
Massive LLC,2024-03,23754.030000000002
Massive LLC,2024-04,19967.33
Massive LLC,2024-05,87346.17
Massive LLC,2024-06,131403.09999999998
Massive LLC,2024-07,78695.15
Massive LLC,2024-08,68911.86
Massive LLC,2024-09,125987.42000000001
Massive LLC,2024-10,50671.95
Massive LLC,2024-11,29669.69
Massive LLC,2024-12,21430.08
Massive LLC,2025-01,21139.760000000002
Massive LLC,2025-02,33337.71
Massive LLC,2025-03,84125.48
Massive LLC,2025-04,38614.83
Massive LLC,2025-05,86027.56000000001
Massive LLC,2025-06,128211.89
Massive LLC,2025-07,37130.32
Massive LLC,2025-08,53027.899999999994
Massive LLC,2025-09,98053.85999999999
Massive LLC,2025-10,119895.75
Massive LLC,2025-11,58743.31999999999
Massive LLC,2025-12,41174.41
Massive Partners,2024-01,52686.22
Massive Partners,2024-02,173587.92
Massive Partners,2024-03,159356.71000000002
Massive Partners,2024-04,78437.73
Massive Partners,2024-05,166270.98
Massive Partners,2024-06,40358.14
Massive Partners,2024-07,133104.45
Massive Partners,2024-08,27464.77
Massive Partners,2024-09,26173.129999999997
Massive Partners,2024-10,52549.259999999995
Massive Partners,2024-11,116191.62999999999
Massive Partners,2024-12,87594.58
Massive Partners,2025-01,54919.73
Massive Partners,2025-02,103653.70999999999
Massive Partners,2025-03,27599.52
Massive Partners,2025-04,149673.94
Massive Partners,2025-05,60451.55
Massive Partners,2025-06,116259.25999999998
Massive Partners,2025-07,13196.55
Massive Partners,2025-08,70463.07
Massive Partners,2025-09,23188.579999999998
Massive Partners,2025-10,118563.4
Massive Partners,2025-11,50947.130000000005
Massive Partners,2025-12,78887.51999999999
Massive Supply,2024-01,8440.23
Massive Supply,2024-02,35003.7
Massive Supply,2024-03,69369.43
Massive Supply,2024-04,103869.14999999998
Massive Supply,2024-05,116322.95
Massive Supply,2024-06,108670.94
Massive Supply,2024-07,52689.880000000005
Massive Supply,2024-08,127971.07
Massive Supply,2024-09,63569.22000000001
Massive Supply,2024-10,95081.78
Massive Supply,2024-11,89829.64
Massive Supply,2024-12,99421.57999999999
Massive Supply,2025-01,257926.41
Massive Supply,2025-02,66316.62
Massive Supply,2025-03,86215.34
Massive Supply,2025-04,24270.85
Massive Supply,2025-05,114006.06
Massive Supply,2025-06,58156.340000000004
Massive Supply,2025-07,68883.47
Massive Supply,2025-08,107746.25
Massive Supply,2025-09,97140.0
Massive Supply,2025-10,34469.82
Massive Supply,2025-11,78808.54000000001
Massive Supply,2025-12,32722.24
Nimbus Group,2024-01,145936.41000000003
Nimbus Group,2024-02,70588.27
Nimbus Group,2024-03,32465.559999999998
Nimbus Group,2024-04,36348.44
Nimbus Group,2024-05,47568.310000000005
Nimbus Group,2024-06,46264.62
Nimbus Group,2024-07,106193.01
Nimbus Group,2024-08,60963.7
Nimbus Group,2024-09,28293.36
Nimbus Group,2024-10,45122.38
Nimbus Group,2024-11,121119.57
Nimbus Group,2024-12,43233.020000000004
Nimbus Group,2025-01,47193.6
Nimbus Group,2025-02,20876.739999999998
Nimbus Group,2025-03,72638.31999999999
Nimbus Group,2025-04,33737.38
Nimbus Group,2025-05,76004.81
Nimbus Group,2025-06,82423.51999999999
Nimbus Group,2025-07,45426.369999999995
Nimbus Group,2025-08,30399.52
Nimbus Group,2025-09,112296.32
Nimbus Group,2025-10,17517.03
Nimbus Group,2025-11,38827.35
Nimbus Group,2025-12,99232.82999999999
Nimbus Holdings,2024-01,155977.65
Nimbus Holdings,2024-02,72868.04000000001
Nimbus Holdings,2024-04,78110.88
Nimbus Holdings,2024-05,142787.63
Nimbus Holdings,2024-06,39627.25
Nimbus Holdings,2024-07,123671.25
Nimbus Holdings,2024-08,62373.7
Nimbus Holdings,2024-09,56216.70999999999
Nimbus Holdings,2024-10,53702.530000000006
Nimbus Holdings,2024-11,95502.63
Nimbus Holdings,2024-12,127670.42
Nimbus Holdings,2025-01,145684.67
Nimbus Holdings,2025-02,43901.409999999996
Nimbus Holdings,2025-03,139233.63
Nimbus Holdings,2025-04,77442.21
Nimbus Holdings,2025-05,43194.28
Nimbus Holdings,2025-06,159360.75999999995
Nimbus Holdings,2025-07,79063.07
Nimbus Holdings,2025-08,67573.76000000001
Nimbus Holdings,2025-09,148427.90000000002
Nimbus Holdings,2025-10,53571.2
Nimbus Holdings,2025-11,95802.74
Nimbus Holdings,2025-12,34734.520000000004
Nimbus Industries,2024-01,46701.020000000004
Nimbus Industries,2024-02,118981.93
Nimbus Industries,2024-03,46672.9
Nimbus Industries,2024-04,80699.89000000001
Nimbus Industries,2024-05,52528.23999999999
Nimbus Industries,2024-06,90446.29000000001
Nimbus Industries,2024-07,40728.95
Nimbus Industries,2024-08,133606.15999999997
Nimbus Industries,2024-09,29293.269999999997
Nimbus Industries,2024-10,102132.77
Nimbus Industries,2024-11,147021.72999999995
Nimbus Industries,2024-12,81978.13000000002
Nimbus Industries,2025-01,36230.84
Nimbus Industries,2025-02,68729.43999999999
Nimbus Industries,2025-03,62776.39
Nimbus Industries,2025-04,50761.56
Nimbus Industries,2025-05,138873.96
Nimbus Industries,2025-06,75981.26
Nimbus Industries,2025-07,42922.16000000001
Nimbus Industries,2025-08,74027.17
Nimbus Industries,2025-09,32948.54
Nimbus Industries,2025-10,30175.269999999997
Nimbus Industries,2025-11,109166.17
Nimbus Industries,2025-12,18165.229999999996
Quantum Enterprises,2024-01,82714.73
Quantum Enterprises,2024-02,19386.5
Quantum Enterprises,2024-03,81382.79000000001
Quantum Enterprises,2024-04,25609.910000000003
Quantum Enterprises,2024-05,133409.58
Quantum Enterprises,2024-06,78564.06999999999
Quantum Enterprises,2024-07,72715.45999999999
Quantum Enterprises,2024-08,49827.80999999999
Quantum Enterprises,2024-09,74823.86999999998
Quantum Enterprises,2024-10,72269.55
Quantum Enterprises,2024-11,35677.33
Quantum Enterprises,2024-12,24963.299999999996
Quantum Enterprises,2025-01,111076.07
Quantum Enterprises,2025-02,49768.39
Quantum Enterprises,2025-03,55847.3
Quantum Enterprises,2025-04,54362.79
Quantum Enterprises,2025-05,76571.21000000002
Quantum Enterprises,2025-06,67689.37
Quantum Enterprises,2025-07,92830.37000000001
Quantum Enterprises,2025-08,71814.07999999999
Quantum Enterprises,2025-09,114498.14
Quantum Enterprises,2025-10,86983.35
Quantum Enterprises,2025-11,93931.98
Quantum Enterprises,2025-12,153742.19999999998
Quantum Freight,2024-01,63431.19
Quantum Freight,2024-02,33589.74
Quantum Freight,2024-03,56236.65000000001
Quantum Freight,2024-04,57451.04000000001
Quantum Freight,2024-05,47825.7
Quantum Freight,2024-06,142837.84
Quantum Freight,2024-07,47528.02
Quantum Freight,2024-08,33327.42
Quantum Freight,2024-09,27923.320000000003
Quantum Freight,2024-10,87584.45999999999
Quantum Freight,2024-11,70499.67
Quantum Freight,2024-12,80136.91
Quantum Freight,2025-01,61799.899999999994
Quantum Freight,2025-02,69909.53
Quantum Freight,2025-03,127481.59
Quantum Freight,2025-04,60122.479999999996
Quantum Freight,2025-05,32513.979999999996
Quantum Freight,2025-06,71735.88
Quantum Freight,2025-07,144041.37999999998
Quantum Freight,2025-08,62575.88
Quantum Freight,2025-09,141946.37
Quantum Freight,2025-10,38893.799999999996
Quantum Freight,2025-11,38971.93
Quantum Freight,2025-12,71158.06
Red Logistics,2024-01,143402.40000000002
Red Logistics,2024-02,64002.88
Red Logistics,2024-03,80077.49
Red Logistics,2024-04,74618.99
Red Logistics,2024-05,72727.74
Red Logistics,2024-06,61124.26000000001
Red Logistics,2024-07,141453.07
Red Logistics,2024-08,59443.46
Red Logistics,2024-09,61118.229999999996
Red Logistics,2024-10,83809.26000000001
Red Logistics,2024-11,116060.27
Red Logistics,2024-12,124427.45000000001
Red Logistics,2025-01,118341.60999999999
Red Logistics,2025-02,104633.19
Red Logistics,2025-03,118171.03
Red Logistics,2025-04,63124.020000000004
Red Logistics,2025-05,128219.83
Red Logistics,2025-06,52307.149999999994
Red Logistics,2025-07,143305.84999999998
Red Logistics,2025-08,124598.31
Red Logistics,2025-09,62210.06999999999
Red Logistics,2025-10,62489.93000000001
Red Logistics,2025-11,113571.12
Red Logistics,2025-12,44893.100000000006
Stark Enterprises,2024-01,99874.65999999999
Stark Enterprises,2024-02,24419.769999999997
Stark Enterprises,2024-03,42615.88
Stark Enterprises,2024-04,18662.54
Stark Enterprises,2024-05,39640.66
Stark Enterprises,2024-06,44189.03
Stark Enterprises,2024-07,179303.83
Stark Enterprises,2024-08,20208.67
Stark Enterprises,2024-09,46073.31
Stark Enterprises,2024-10,43056.93000000001
Stark Enterprises,2024-11,25989.82
Stark Enterprises,2024-12,111139.4
Stark Enterprises,2025-01,75044.31999999999
Stark Enterprises,2025-02,39802.23
Stark Enterprises,2025-03,8338.37
Stark Enterprises,2025-04,54908.48999999999
Stark Enterprises,2025-05,74105.13
Stark Enterprises,2025-06,178586.80999999997
Stark Enterprises,2025-07,57922.99
Stark Enterprises,2025-08,56426.170000000006
Stark Enterprises,2025-09,27013.25
Stark Enterprises,2025-10,65518.549999999996
Stark Enterprises,2025-11,84469.38
Stark Enterprises,2025-12,7902.08
Stark Freight,2024-01,32079.260000000002
Stark Freight,2024-02,124736.63
Stark Freight,2024-03,69746.11
Stark Freight,2024-04,56148.18
Stark Freight,2024-05,32893.43
Stark Freight,2024-06,73735.53000000001
Stark Freight,2024-07,23268.62
Stark Freight,2024-08,33011.22
Stark Freight,2024-09,95980.46
Stark Freight,2024-10,125271.72000000002
Stark Freight,2024-11,62432.41
Stark Freight,2024-12,158329.79
Stark Freight,2025-01,106180.66
Stark Freight,2025-02,68709.33
Stark Freight,2025-03,103532.62999999999
Stark Freight,2025-04,86748.68000000001
Stark Freight,2025-05,39666.19
Stark Freight,2025-06,73570.66000000002
Stark Freight,2025-07,79560.37
Stark Freight,2025-08,55736.96999999999
Stark Freight,2025-09,46780.689999999995
Stark Freight,2025-10,35060.39
Stark Freight,2025-11,57745.240000000005
Stark Freight,2025-12,64683.33
Stark Group,2024-01,88963.98000000001
Stark Group,2024-02,27571.299999999996
Stark Group,2024-03,164921.03
Stark Group,2024-04,104138.13
Stark Group,2024-05,57180.31
Stark Group,2024-06,89087.78
Stark Group,2024-07,37309.14
Stark Group,2024-08,21490.399999999998
Stark Group,2024-09,19162.059999999998
Stark Group,2024-10,84105.29000000001
Stark Group,2024-11,42633.28
Stark Group,2024-12,104939.35
Stark Group,2025-01,65886.13
Stark Group,2025-02,95484.13
Stark Group,2025-03,41695.69
Stark Group,2025-04,174521.96000000002
Stark Group,2025-05,27727.33
Stark Group,2025-06,123337.42999999998
Stark Group,2025-07,161411.59000000003
Stark Group,2025-08,60169.3
Stark Group,2025-09,74396.12
Stark Group,2025-10,91143.47
Stark Group,2025-11,76508.43
Stark Group,2025-12,76240.92
Stark Partners,2024-01,113134.05
Stark Partners,2024-02,50638.78
Stark Partners,2024-03,139413.19999999998
Stark Partners,2024-04,15237.080000000002
Stark Partners,2024-05,238392.13
Stark Partners,2024-06,95912.86
Stark Partners,2024-07,188878.08
Stark Partners,2024-08,43402.0
Stark Partners,2024-09,71643.86000000002
Stark Partners,2024-10,39522.61
Stark Partners,2024-11,38632.090000000004
Stark Partners,2024-12,133689.55
Stark Partners,2025-01,65088.97000000001
Stark Partners,2025-02,50491.76
Stark Partners,2025-03,140619.51
Stark Partners,2025-04,147003.77
Stark Partners,2025-05,26637.64
Stark Partners,2025-06,64048.9
Stark Partners,2025-07,90945.54
Stark Partners,2025-08,76850.01999999999
Stark Partners,2025-09,20352.989999999998
Stark Partners,2025-10,102324.76999999999
Stark Partners,2025-11,102983.51999999999
Stark Partners,2025-12,189025.84999999998
Tyrell Freight,2024-01,90414.97
Tyrell Freight,2024-02,97267.56
Tyrell Freight,2024-03,160463.44
Tyrell Freight,2024-04,108380.53000000001
Tyrell Freight,2024-05,20018.43
Tyrell Freight,2024-06,76307.83
Tyrell Freight,2024-07,73437.98
Tyrell Freight,2024-08,42708.13
Tyrell Freight,2024-09,75081.57
Tyrell Freight,2024-10,115836.65999999999
Tyrell Freight,2024-11,78199.56000000001
Tyrell Freight,2024-12,71515.09
Tyrell Freight,2025-01,50902.950000000004
Tyrell Freight,2025-02,47217.92
Tyrell Freight,2025-03,109967.58
Tyrell Freight,2025-04,25168.43
Tyrell Freight,2025-05,56472.69
Tyrell Freight,2025-06,91014.69
Tyrell Freight,2025-07,155989.22000000003
Tyrell Freight,2025-08,57201.13999999999
Tyrell Freight,2025-09,78632.62
Tyrell Freight,2025-10,97906.48000000001
Tyrell Freight,2025-11,71655.46
Tyrell Freight,2025-12,154247.03
Tyrell Industries,2024-01,88412.89
Tyrell Industries,2024-02,30885.559999999998
Tyrell Industries,2024-03,53157.65
Tyrell Industries,2024-04,94872.20999999999
Tyrell Industries,2024-05,47408.53
Tyrell Industries,2024-06,41937.77999999999
Tyrell Industries,2024-07,88160.81999999999
Tyrell Industries,2024-08,51827.81
Tyrell Industries,2024-09,136312.8
Tyrell Industries,2024-10,76485.43000000001
Tyrell Industries,2024-11,106587.29
Tyrell Industries,2024-12,114680.99
Tyrell Industries,2025-01,32428.09
Tyrell Industries,2025-02,59626.350000000006
Tyrell Industries,2025-03,62970.799999999996
Tyrell Industries,2025-04,146389.6
Tyrell Industries,2025-05,60687.18
Tyrell Industries,2025-06,80572.73000000001
Tyrell Industries,2025-07,57006.61
Tyrell Industries,2025-08,105891.1
Tyrell Industries,2025-09,78270.85999999999
Tyrell Industries,2025-10,56170.46
Tyrell Industries,2025-11,143378.34
Tyrell Industries,2025-12,148301.91
Tyrell LLC,2024-01,68979.43
Tyrell LLC,2024-02,40609.17
Tyrell LLC,2024-03,18115.479999999996
Tyrell LLC,2024-04,61434.56999999999
Tyrell LLC,2024-05,54567.729999999996
Tyrell LLC,2024-06,56397.74
Tyrell LLC,2024-07,79041.81
Tyrell LLC,2024-08,114305.54999999999
Tyrell LLC,2024-09,63478.270000000004
Tyrell LLC,2024-10,73466.29000000001
Tyrell LLC,2024-11,70489.14000000001
Tyrell LLC,2024-12,133434.38
Tyrell LLC,2025-01,57110.81
Tyrell LLC,2025-02,64889.450000000004
Tyrell LLC,2025-03,6958.389999999999
Tyrell LLC,2025-04,33809.55
Tyrell LLC,2025-05,140994.75999999998
Tyrell LLC,2025-06,44347.18
Tyrell LLC,2025-07,148401.05
Tyrell LLC,2025-08,119434.04
Tyrell LLC,2025-09,81923.69
Tyrell LLC,2025-10,50598.12
Tyrell LLC,2025-11,82570.69
Tyrell LLC,2025-12,63763.09
Tyrell Partners,2024-01,55276.94
Tyrell Partners,2024-02,116729.67
Tyrell Partners,2024-03,69906.06
Tyrell Partners,2024-04,36725.45
Tyrell Partners,2024-05,46769.29
Tyrell Partners,2024-06,17377.760000000002
Tyrell Partners,2024-07,110821.29999999999
Tyrell Partners,2024-08,19409.17
Tyrell Partners,2024-09,11890.77
Tyrell Partners,2024-10,93933.85
Tyrell Partners,2024-11,78202.96999999999
Tyrell Partners,2024-12,85244.01
Tyrell Partners,2025-01,41386.490000000005
Tyrell Partners,2025-02,26112.36
Tyrell Partners,2025-03,64165.719999999994
Tyrell Partners,2025-04,30611.780000000002
Tyrell Partners,2025-05,174375.52
Tyrell Partners,2025-06,50470.19
Tyrell Partners,2025-07,107331.56999999998
Tyrell Partners,2025-08,105667.47
Tyrell Partners,2025-09,18686.260000000002
Tyrell Partners,2025-10,87121.57
Tyrell Partners,2025-11,69699.8
Tyrell Partners,2025-12,47118.939999999995
Umbrella Enterprises,2024-01,20279.34
Umbrella Enterprises,2024-02,68111.37000000001
Umbrella Enterprises,2024-03,67297.21
Umbrella Enterprises,2024-04,108487.94000000002
Umbrella Enterprises,2024-05,42925.49999999999
Umbrella Enterprises,2024-06,47351.66
Umbrella Enterprises,2024-07,27932.039999999997
Umbrella Enterprises,2024-08,54184.78
Umbrella Enterprises,2024-09,73361.09
Umbrella Enterprises,2024-10,111038.14
Umbrella Enterprises,2024-11,72734.04999999999
Umbrella Enterprises,2024-12,81708.25
Umbrella Enterprises,2025-01,127592.87
Umbrella Enterprises,2025-02,71654.81
Umbrella Enterprises,2025-03,35195.28
Umbrella Enterprises,2025-04,68647.83999999998
Umbrella Enterprises,2025-05,77051.36999999998
Umbrella Enterprises,2025-06,81610.81999999999
Umbrella Enterprises,2025-07,67354.11000000002
Umbrella Enterprises,2025-08,60067.21
Umbrella Enterprises,2025-09,79590.77
Umbrella Enterprises,2025-10,69618.39
Umbrella Enterprises,2025-11,81467.84
Umbrella Enterprises,2025-12,63525.93999999999
Umbrella Industries,2024-01,53414.72
Umbrella Industries,2024-02,88713.45999999999
Umbrella Industries,2024-03,130647.87
Umbrella Industries,2024-04,44984.71000000001
Umbrella Industries,2024-05,65961.47
Umbrella Industries,2024-06,62467.06999999999
Umbrella Industries,2024-07,116265.93000000001
Umbrella Industries,2024-08,87594.67
Umbrella Industries,2024-09,65919.0
Umbrella Industries,2024-10,55614.7
Umbrella Industries,2024-11,18917.75
Umbrella Industries,2024-12,74842.33
Umbrella Industries,2025-01,99591.37
Umbrella Industries,2025-02,152474.4
Umbrella Industries,2025-03,74430.48999999999
Umbrella Industries,2025-04,142420.82
Umbrella Industries,2025-05,99100.20999999999
Umbrella Industries,2025-06,115238.10999999999
Umbrella Industries,2025-07,94899.34
Umbrella Industries,2025-08,127347.57000000002
Umbrella Industries,2025-09,26736.73
Umbrella Industries,2025-10,192719.77
Umbrella Industries,2025-11,41349.24
Umbrella Industries,2025-12,77019.84
Umbrella Partners,2024-01,6919.72
Umbrella Partners,2024-02,40168.72
Umbrella Partners,2024-03,48736.28999999999
Umbrella Partners,2024-04,138386.98
Umbrella Partners,2024-05,41501.42999999999
Umbrella Partners,2024-06,113260.06
Umbrella Partners,2024-07,111152.95999999998
Umbrella Partners,2024-08,29101.86
Umbrella Partners,2024-09,80790.04000000001
Umbrella Partners,2024-10,56032.0
Umbrella Partners,2024-11,47961.770000000004
Umbrella Partners,2024-12,37872.51
Umbrella Partners,2025-01,85738.90000000001
Umbrella Partners,2025-02,75417.95999999999
Umbrella Partners,2025-03,84868.98999999999
Umbrella Partners,2025-04,31775.04
Umbrella Partners,2025-05,54606.33
Umbrella Partners,2025-06,168753.68
Umbrella Partners,2025-07,46945.469999999994
Umbrella Partners,2025-08,49106.1
Umbrella Partners,2025-09,89912.01000000001
Umbrella Partners,2025-10,102233.45
Umbrella Partners,2025-11,101771.05999999998
Umbrella Partners,2025-12,77455.34
Vector Co,2024-01,96258.78
Vector Co,2024-02,41859.590000000004
Vector Co,2024-03,80759.74
Vector Co,2024-04,56211.36
Vector Co,2024-05,24385.4
Vector Co,2024-06,63419.61
Vector Co,2024-07,7355.84
Vector Co,2024-08,42527.75
Vector Co,2024-09,61925.28999999999
Vector Co,2024-10,83753.01000000001
Vector Co,2024-11,27874.14
Vector Co,2024-12,11851.97
Vector Co,2025-01,108764.16
Vector Co,2025-02,90306.12
Vector Co,2025-03,72080.13
Vector Co,2025-04,30135.210000000006
Vector Co,2025-05,52889.69
Vector Co,2025-06,54940.78
Vector Co,2025-07,84123.15
Vector Co,2025-08,30283.760000000002
Vector Co,2025-09,99619.42
Vector Co,2025-10,86346.84
Vector Co,2025-11,52092.909999999996
Vector Co,2025-12,73407.66
Vector Freight,2024-01,67842.48
Vector Freight,2024-02,37760.47
Vector Freight,2024-03,23876.05
Vector Freight,2024-04,64020.59
Vector Freight,2024-05,101681.45
Vector Freight,2024-06,46668.41
Vector Freight,2024-07,102631.77
Vector Freight,2024-08,80298.75
Vector Freight,2024-09,62516.680000000015
Vector Freight,2024-10,117376.76000000001
Vector Freight,2024-11,65755.44
Vector Freight,2024-12,27598.41
Vector Freight,2025-01,87803.14
Vector Freight,2025-02,29752.33
Vector Freight,2025-03,111537.92000000001
Vector Freight,2025-04,85104.53
Vector Freight,2025-05,14784.710000000001
Vector Freight,2025-06,73486.79000000001
Vector Freight,2025-07,82104.55
Vector Freight,2025-08,33458.61
Vector Freight,2025-09,146815.03999999998
Vector Freight,2025-10,54803.52
Vector Freight,2025-11,114323.40999999999
Vector Freight,2025-12,19299.23
Vector LLC,2024-01,19301.079999999998
Vector LLC,2024-02,70948.44
Vector LLC,2024-03,54525.09999999999
Vector LLC,2024-04,101800.19999999998
Vector LLC,2024-05,102793.93999999999
Vector LLC,2024-06,104278.7
Vector LLC,2024-07,186577.13000000003
Vector LLC,2024-08,67641.41
Vector LLC,2024-09,56215.51000000001
Vector LLC,2024-10,72272.09000000001
Vector LLC,2024-11,90771.59000000001
Vector LLC,2024-12,55136.69
Vector LLC,2025-01,83808.18999999999
Vector LLC,2025-02,151116.77
Vector LLC,2025-03,127504.22
Vector LLC,2025-04,68475.77
Vector LLC,2025-05,132670.88
Vector LLC,2025-06,56614.39
Vector LLC,2025-07,74688.71
Vector LLC,2025-08,46678.4
Vector LLC,2025-09,72684.07999999999
Vector LLC,2025-10,110846.86000000002
Vector LLC,2025-11,78598.84999999999
Vector LLC,2025-12,36883.83
Vector Logistics,2024-01,163334.07
Vector Logistics,2024-02,116075.30999999998
Vector Logistics,2024-03,39538.7
Vector Logistics,2024-04,150003.09
Vector Logistics,2024-05,33257.490000000005
Vector Logistics,2024-06,77337.34
Vector Logistics,2024-07,95885.83
Vector Logistics,2024-08,168742.4
Vector Logistics,2024-09,53048.23999999999
Vector Logistics,2024-10,56740.26000000001
Vector Logistics,2024-11,101048.14
Vector Logistics,2024-12,160832.7
Vector Logistics,2025-01,89800.25
Vector Logistics,2025-02,56559.600000000006
Vector Logistics,2025-03,45824.66
Vector Logistics,2025-04,41975.96
Vector Logistics,2025-05,38724.90000000001
Vector Logistics,2025-06,29899.119999999995
Vector Logistics,2025-07,94371.68000000001
Vector Logistics,2025-08,49123.520000000004
Vector Logistics,2025-09,82976.86
Vector Logistics,2025-10,57904.420000000006
Vector Logistics,2025-11,61730.65999999999
Vector Logistics,2025-12,46312.29000000001
Vertex Partners,2024-01,134690.03999999998
Vertex Partners,2024-02,157467.34
Vertex Partners,2024-03,127107.47
Vertex Partners,2024-04,134485.25
Vertex Partners,2024-05,71035.84000000001
Vertex Partners,2024-06,247761.04000000004
Vertex Partners,2024-07,122943.48000000001
Vertex Partners,2024-08,151506.53
Vertex Partners,2024-09,70073.95
Vertex Partners,2024-10,128960.90999999997
Vertex Partners,2024-11,159681.16999999998
Vertex Partners,2024-12,119023.72999999998
Vertex Partners,2025-01,129245.95000000001
Vertex Partners,2025-02,105392.40999999999
Vertex Partners,2025-03,107185.84
Vertex Partners,2025-04,144001.87
Vertex Partners,2025-05,157874.06999999998
Vertex Partners,2025-06,130903.95999999999
Vertex Partners,2025-07,145051.86
Vertex Partners,2025-08,189777.00999999998
Vertex Partners,2025-09,106028.75
Vertex Partners,2025-10,143146.7
Vertex Partners,2025-11,134881.34999999998
Vertex Partners,2025-12,230665.71
Vertex Supply,2024-01,39502.13
Vertex Supply,2024-02,63172.92999999999
Vertex Supply,2024-03,66936.01
Vertex Supply,2024-04,47598.31
Vertex Supply,2024-05,85903.84
Vertex Supply,2024-06,76618.0
Vertex Supply,2024-07,87783.29000000001
Vertex Supply,2024-08,130483.71999999999
Vertex Supply,2024-09,106711.93
Vertex Supply,2024-10,91750.19
Vertex Supply,2024-11,102973.69
Vertex Supply,2024-12,25209.120000000003
Vertex Supply,2025-01,133743.85
Vertex Supply,2025-02,72504.62
Vertex Supply,2025-03,114766.71
Vertex Supply,2025-04,34085.130000000005
Vertex Supply,2025-05,132026.66999999998
Vertex Supply,2025-06,128381.49
Vertex Supply,2025-07,121623.39999999998
Vertex Supply,2025-08,87166.65
Vertex Supply,2025-09,99236.26999999999
Vertex Supply,2025-10,59195.990000000005
Vertex Supply,2025-11,27663.14
Vertex Supply,2025-12,83851.84
Wayne Freight,2024-01,121474.00999999998
Wayne Freight,2024-02,82596.97
Wayne Freight,2024-03,113478.39000000001
Wayne Freight,2024-04,54356.380000000005
Wayne Freight,2024-05,147857.86000000002
Wayne Freight,2024-06,85030.18000000001
Wayne Freight,2024-07,128763.07999999999
Wayne Freight,2024-08,74080.76999999999
Wayne Freight,2024-09,97755.41
Wayne Freight,2024-10,116612.75
Wayne Freight,2024-11,137481.69
Wayne Freight,2024-12,64324.61
Wayne Freight,2025-01,100309.93000000001
Wayne Freight,2025-02,50137.299999999996
Wayne Freight,2025-03,24730.589999999997
Wayne Freight,2025-04,55082.73
Wayne Freight,2025-05,106452.24
Wayne Freight,2025-06,108983.43
Wayne Freight,2025-07,114272.42
Wayne Freight,2025-08,38001.92
Wayne Freight,2025-09,43914.25
Wayne Freight,2025-10,69541.13
Wayne Freight,2025-11,57923.6
Wayne Freight,2025-12,69775.67000000001
Wayne Group,2024-01,161931.33999999997
Wayne Group,2024-02,159977.56
Wayne Group,2024-03,181354.02000000002
Wayne Group,2024-04,196179.39000000004
Wayne Group,2024-05,100455.31
Wayne Group,2024-06,136312.34
Wayne Group,2024-07,243883.98999999996
Wayne Group,2024-08,102691.03
Wayne Group,2024-09,186276.71
Wayne Group,2024-10,243217.11
Wayne Group,2024-11,177807.31
Wayne Group,2024-12,273587.43000000005
Wayne Group,2025-01,270672.8300000001
Wayne Group,2025-02,73759.44000000002
Wayne Group,2025-03,222110.59999999995
Wayne Group,2025-04,190323.9
Wayne Group,2025-05,93509.43000000001
Wayne Group,2025-06,203181.31000000006
Wayne Group,2025-07,46958.98
Wayne Group,2025-08,109379.53000000001
Wayne Group,2025-09,68430.49999999999
Wayne Group,2025-10,117548.23
Wayne Group,2025-11,137332.47
Wayne Group,2025-12,303259.87
Wayne Holdings,2024-01,85748.77
Wayne Holdings,2024-02,65769.23
Wayne Holdings,2024-03,64119.600000000006
Wayne Holdings,2024-04,45002.98999999999
Wayne Holdings,2024-05,32809.06
Wayne Holdings,2024-06,59894.97999999999
Wayne Holdings,2024-07,44300.59
Wayne Holdings,2024-08,137282.08
Wayne Holdings,2024-09,42090.630000000005
Wayne Holdings,2024-10,54400.10999999999
Wayne Holdings,2024-11,39009.71000000001
Wayne Holdings,2024-12,64733.41
Wayne Holdings,2025-01,120939.12999999999
Wayne Holdings,2025-02,112714.53
Wayne Holdings,2025-03,45242.84999999999
Wayne Holdings,2025-04,56625.42999999999
Wayne Holdings,2025-05,48790.49
Wayne Holdings,2025-06,31845.590000000004
Wayne Holdings,2025-07,55165.31999999999
Wayne Holdings,2025-08,118888.03
Wayne Holdings,2025-09,40070.19
Wayne Holdings,2025-10,115875.89999999998
Wayne Holdings,2025-11,74891.67
Wayne Holdings,2025-12,74791.68
Wonka LLC,2024-01,118961.76000000001
Wonka LLC,2024-02,116592.70999999999
Wonka LLC,2024-03,23923.31
Wonka LLC,2024-04,97722.3
Wonka LLC,2024-05,85931.43
Wonka LLC,2024-06,91155.83
Wonka LLC,2024-07,100518.92999999998
Wonka LLC,2024-08,70547.48999999999
Wonka LLC,2024-09,151682.12999999998
Wonka LLC,2024-10,125422.55
Wonka LLC,2024-11,98969.47
Wonka LLC,2024-12,131126.84000000003
Wonka LLC,2025-01,15948.359999999999
Wonka LLC,2025-02,78496.72999999998
Wonka LLC,2025-03,135528.36000000002
Wonka LLC,2025-04,66189.13
Wonka LLC,2025-05,46513.42
Wonka LLC,2025-06,49821.62000000001
Wonka LLC,2025-07,68588.5
Wonka LLC,2025-08,71583.49
Wonka LLC,2025-09,68809.03
Wonka LLC,2025-10,70224.7
Wonka LLC,2025-11,64651.92
Wonka LLC,2025-12,136357.53000000003
Wonka Supply,2024-01,56061.25000000001
Wonka Supply,2024-02,38005.28
Wonka Supply,2024-03,26921.699999999997
Wonka Supply,2024-04,36104.76
Wonka Supply,2024-05,49534.82
Wonka Supply,2024-06,152284.08000000002
Wonka Supply,2024-07,81042.4
Wonka Supply,2024-08,79400.67999999998
Wonka Supply,2024-09,18877.920000000002
Wonka Supply,2024-10,35317.44
Wonka Supply,2024-11,20706.84
Wonka Supply,2024-12,131270.46
Wonka Supply,2025-01,71260.9
Wonka Supply,2025-02,35668.6
Wonka Supply,2025-03,52829.14
Wonka Supply,2025-04,60316.41
Wonka Supply,2025-05,57549.15
Wonka Supply,2025-06,100610.93
Wonka Supply,2025-07,66341.7
Wonka Supply,2025-08,85627.86
Wonka Supply,2025-09,72525.84
Wonka Supply,2025-10,66234.43000000001
Wonka Supply,2025-11,100460.96
Wonka Supply,2025-12,123937.57
Zenith Holdings,2024-01,122394.16
Zenith Holdings,2024-02,122527.18
Zenith Holdings,2024-03,219656.2
Zenith Holdings,2024-04,174093.14
Zenith Holdings,2024-05,117025.18999999999
Zenith Holdings,2024-06,133053.57
Zenith Holdings,2024-07,141494.2
Zenith Holdings,2024-08,140557.44
Zenith Holdings,2024-09,181581.86
Zenith Holdings,2024-10,40162.64
Zenith Holdings,2024-11,135747.81
Zenith Holdings,2024-12,135981.29
Zenith Holdings,2025-01,145017.72
Zenith Holdings,2025-02,179375.63999999998
Zenith Holdings,2025-03,218216.18
Zenith Holdings,2025-04,111037.65000000001
Zenith Holdings,2025-05,221397.56000000003
Zenith Holdings,2025-06,133405.42
Zenith Holdings,2025-07,145527.02000000002
Zenith Holdings,2025-08,61090.67999999999
Zenith Holdings,2025-09,121734.71
Zenith Holdings,2025-10,204993.88
Zenith Holdings,2025-11,183165.44000000003
Zenith Holdings,2025-12,217051.81
Zenith Logistics,2024-01,64396.12
Zenith Logistics,2024-02,71901.66
Zenith Logistics,2024-03,67970.37000000001
Zenith Logistics,2024-04,24432.300000000003
Zenith Logistics,2024-05,114585.87000000001
Zenith Logistics,2024-06,47521.5
Zenith Logistics,2024-07,85064.47000000002
Zenith Logistics,2024-08,24742.53
Zenith Logistics,2024-09,47586.090000000004
Zenith Logistics,2024-10,66482.12000000001
Zenith Logistics,2024-11,82380.29999999999
Zenith Logistics,2024-12,69410.02
Zenith Logistics,2025-01,56505.75
Zenith Logistics,2025-02,68578.01
Zenith Logistics,2025-03,87583.42
Zenith Logistics,2025-04,72667.29000000001
Zenith Logistics,2025-05,54509.57000000001
Zenith Logistics,2025-06,112238.20999999999
Zenith Logistics,2025-07,70738.81
Zenith Logistics,2025-08,30959.02
Zenith Logistics,2025-09,12927.54
Zenith Logistics,2025-10,94909.89000000001
Zenith Logistics,2025-11,59032.28
Zenith Logistics,2025-12,48182.32
Zenith Supply,2024-01,14832.869999999999
Zenith Supply,2024-02,94097.94
Zenith Supply,2024-03,87691.18000000001
Zenith Supply,2024-04,42984.85
Zenith Supply,2024-05,75297.15000000001
Zenith Supply,2024-06,88237.5
Zenith Supply,2024-07,108628.90000000002
Zenith Supply,2024-08,37589.409999999996
Zenith Supply,2024-09,52150.399999999994
Zenith Supply,2024-10,61686.229999999996
Zenith Supply,2024-11,33091.84
Zenith Supply,2024-12,47353.16
Zenith Supply,2025-01,89384.56
Zenith Supply,2025-02,43004.55
Zenith Supply,2025-03,79574.20999999999
Zenith Supply,2025-04,127747.82999999999
Zenith Supply,2025-05,88810.78000000001
Zenith Supply,2025-06,45967.78
Zenith Supply,2025-07,68981.60999999999
Zenith Supply,2025-08,61371.87
Zenith Supply,2025-09,42248.36
Zenith Supply,2025-10,49853.02
Zenith Supply,2025-11,41048.899999999994
Zenith Supply,2025-12,29011.23
hooli co,2024-01,88389.51000000001
hooli co,2024-02,65644.73
hooli co,2024-03,33264.38
hooli co,2024-04,26134.829999999994
hooli co,2024-05,49732.86
hooli co,2024-06,68629.11
hooli co,2024-07,76400.56999999999
hooli co,2024-08,82065.86
hooli co,2024-09,25892.97
hooli co,2024-10,80037.14000000001
hooli co,2024-11,62590.64000000001
hooli co,2024-12,81467.6
hooli co,2025-01,91803.12
hooli co,2025-02,69071.88999999998
hooli co,2025-03,93887.20000000001
hooli co,2025-04,100304.97
hooli co,2025-05,90884.65
hooli co,2025-06,49769.92
hooli co,2025-07,51326.600000000006
hooli co,2025-08,79274.49000000002
hooli co,2025-09,101361.63
hooli co,2025-10,56309.509999999995
hooli co,2025-11,78504.04000000001
hooli co,2025-12,50899.4
